period,avg_correlation,change
Pre-Crisis (2008),0.9845439462985299,NA
Crisis (2010-2012),0.7429102080418333,-0.24163373825669665
