target_country,f_statistic,p_value,granger_causes
Ireland,1.398984995374637,0.26551348713636685,FALSE
Italy,2.39586416172153,0.11170017977954963,FALSE
Portugal,0.5670023826985052,0.5743485565726549,FALSE
Spain,7.2196831916942825,0.0033506263093959093,TRUE
