variable,adf_statistic,p_value,stationary
spread_bps,-1.7624014786741695,0.6645056023633605,FALSE
debt_gdp,-1.7117319071360533,0.684054048172819,FALSE
gdp_growth,-2.1368056004851015,0.5200595677140812,FALSE
unemployment,-1.8486515549317468,0.6312301099800359,FALSE
